Id,TitleId,RealName,CharacterName,Role
100,60,Everett Stroman,Layla,Music Composer
101,63,Nikki Donnelly,Otis,Actress
102,85,Reyes Gulgowski,Cecil,Actress
103,87,Humberto Williamson,Wilford,Screenwriter
104,23,Austin Brekke,Una,Producer
105,99,Kyra Moore,Audreanne,Actress
106,86,Clovis Gusikowski,Dameon,Production Designer
107,88,Sigurd Mohr,Alanis,Production Designer
108,45,Providenci Bergstrom,Candelario,Screenwriter
109,17,Joany Glover,Carmella,Actor
110,12,Lempi Anderson,Dagmar,Music Composer
111,26,Weldon Windler,Norberto,Producer
112,22,Amara O'Hara,Cornelius,Director
113,32,Noelia Runolfsdottir,Rae,Producer
114,93,Micaela Cassin,Nico,Producer
115,41,Arne Wolff,Ollie,Screenwriter
116,22,Audrey Kling,Nettie,Actress
117,93,Milton Koepp,Sarah,Screenwriter
118,51,Sandy Hegmann,Vickie,Cinematographer
119,3,Tyreek Beer,Emerald,Cinematographer
120,2,Hudson Gleichner,Patrick,Costume Designer
121,5,Brent Altenwerth,Ari,Screenwriter
122,42,Aisha Tillman,Emily,Actor
123,27,Reanna Hirthe,Andre,Actor
124,29,Brice Schuster,Lee,Costume Designer
125,98,Sonya Moore,Yazmin,Actor
126,7,Ahmad Trantow,Aglae,Screenwriter
127,89,Rosario Klein,Shakira,Director
128,57,Kaitlin Hilpert,Manuel,Music Composer
129,92,Monte Ratke,Zachary,Costume Designer
130,9,Rhianna Tillman,Lillian,Actress
131,76,Ike Bechtelar,Skylar,Cinematographer
132,19,Reggie Kihn,Keanu,Film Editor
133,76,Rudolph Durgan,Oleta,Film Editor
134,29,Gerald Sanford,Edmond,Music Composer
135,20,Andy Watsica,Shawn,Actor
136,45,Vern Stiedemann,Myrna,Screenwriter
137,63,Gwendolyn Olson,Buddy,Screenwriter
138,84,Linwood Farrell,Chauncey,Music Composer
139,85,Chadd Dietrich,Jordyn,Producer
140,22,Shakira Bradtke,Abdullah,Cinematographer
141,18,Tyler Cormier,Ernestina,Director
142,20,Kaya Spencer,Rhea,Screenwriter
143,18,Jude Brakus,Stella,Director
144,98,Leann White,Trevion,Actor
145,13,Neha Funk,Rosie,Costume Designer
146,94,Shanon Durgan,Amparo,Producer
147,54,Rahsaan Nikolaus,Frida,Music Composer
148,45,Neva Russel,Aric,Actor
149,63,Alexa Stanton,Tracey,Screenwriter
150,21,Dianna Gleichner,Hadley,Film Editor
151,19,Carlie Bechtelar,Kirstin,Film Editor
152,9,Sarah Morissette,Sebastian,Director
153,18,Micah Brakus,Esperanza,Music Composer
154,10,Giovani Hintz,Cathryn,Music Composer
155,61,Christine Cummerata,Reginald,Production Designer
156,31,Jayda Runte,Laurel,Production Designer
157,32,Brook Daniel,Jack,Producer
158,39,Shannon Shanahan,Florine,Director
159,85,Raquel Farrell,Brian,Film Editor
160,31,Lazaro Hansen,Steve,Production Designer
161,70,Deja Kuvalis,Carleton,Screenwriter
162,49,Jackson Swaniawski,Kylie,Producer
163,79,Mckenzie Ullrich,Lew,Cinematographer
164,71,Fred Greenholt,John,Music Composer
165,63,Doris Koch,Cheyenne,Costume Designer
166,35,Taylor Reichel,Gabe,Screenwriter
167,40,Lavada McCullough,Catherine,Director
168,59,Dameon Brown,Glen,Actress
169,23,Josie Kulas,Bell,Actor
170,60,Zetta Crona,Ashleigh,Actress
171,31,Cletus Adams,Jeffery,Costume Designer
172,43,Joanie Moen,Andy,Music Composer
173,59,Titus Buckridge,Zita,Cinematographer
174,66,Perry Wunsch,Haven,Production Designer
175,96,Cornelius Luettgen,Hilda,Production Designer
176,42,Natasha Hackett,Minnie,Producer
177,24,Catherine Runte,Katlyn,Production Designer
178,76,Salvador Paucek,Timothy,Actor
179,2,Jettie Sawayn,Bertha,Screenwriter
180,70,Myron Marvin,Clark,Costume Designer
181,80,Shanon Leannon,Benedict,Cinematographer
182,4,Ayden Ritchie,Brice,Screenwriter
183,21,Missouri Mraz,Talia,Actress
184,39,Sabrina Romaguera,Javon,Costume Designer
185,82,Cedrick Leffler,Ethel,Actress
186,26,Orion Hilll,Bonnie,Cinematographer
187,20,Christian Herman,Lera,Actor
188,53,Rae Yost,Arnoldo,Film Editor
189,13,Elva Thiel,Furman,Production Designer
190,12,Kamren Leannon,Karianne,Actress
191,54,Garrick Ullrich,Abigale,Cinematographer
192,99,Rubie Lueilwitz,Hubert,Director
193,4,Shayna Parisian,Jaiden,Actress
194,45,Connie Windler,Ramon,Producer
195,72,Lexie Marks,Desmond,Director
196,38,Estel Auer,Rickey,Music Composer
197,83,Andy Turner,Kristin,Music Composer
198,80,Alexander Buckridge,Ila,Film Editor
199,2,Lucinda Hahn,Nia,Film Editor
200,87,Itzel Cole,Vernice,Costume Designer
201,17,Jailyn Herman,Odessa,Actor
202,17,Emma Mayer,Sim,Production Designer
203,58,Maximillian Kutch,Tremaine,Costume Designer
204,66,Erna Vandervort,Camilla,Production Designer
205,84,Christiana Gottlieb,Esther,Film Editor
206,48,Ashlee Ward,Penelope,Producer
207,18,Corine Smith,Milan,Film Editor
208,86,Dora Volkman,Ruben,Screenwriter
209,10,Braxton Mayer,Tomas,Film Editor
210,65,Pascale Swift,Rogers,Actress
211,96,Charlene Legros,Era,Screenwriter
212,70,Gregg Reichel,Angel,Production Designer
213,13,Leopold Thompson,Cletus,Director
214,72,Erin Willms,Max,Actress
215,99,Alexanne Hauck,Paula,Film Editor
216,44,Eryn Berge,Jennie,Producer
217,43,Sarah Rohan,Brian,Production Designer
218,57,Roscoe Huels,Brad,Screenwriter
219,48,Johanna Torphy,Allison,Director
220,89,Alana Feest,Helga,Screenwriter
221,24,Chyna Hintz,Rex,Actor
222,83,Evans Tremblay,Dorothy,Film Editor
223,56,Destini Schowalter,Meda,Producer
224,21,Amely White,Ruthie,Music Composer
225,98,Abel Runolfsson,Sammie,Production Designer
226,80,Hobart Schiller,Ruthie,Producer
227,25,Ally Harber,Lina,Cinematographer
228,85,Elta Pollich,Sabryna,Director
229,2,Laurence Orn,Herman,Screenwriter
230,86,Jaron Borer,Greta,Actress
231,93,Clementine Oberbrunner,Jammie,Actor
232,62,Glen Kozey,Werner,Cinematographer
233,24,Norma Romaguera,Roxanne,Film Editor
234,54,Marge Nienow,Rickey,Director
235,24,Sofia Cronin,Randall,Director
236,75,Gaylord Koelpin,Deja,Director
237,62,Skyla Hansen,Brittany,Director
238,63,Edd Koepp,Verona,Producer
239,34,Rosella Weimann,Maria,Actor
240,16,Tavares Carroll,Ryder,Production Designer
241,83,Matteo Nienow,Miles,Cinematographer
242,73,Janick Spinka,Ed,Actress
243,42,Johnpaul Bernier,Elta,Producer
244,24,Reyes Spencer,Thad,Screenwriter
245,8,Percival Sauer,Jackie,Screenwriter
246,16,Zelda Padberg,May,Actress
247,41,Gabriel Mayert,Ludwig,Production Designer
248,78,Maiya Dach,Francesca,Cinematographer
249,9,Rosamond Lubowitz,Sage,Cinematographer
250,0,Kayleigh Hintz,Agustin,Production Designer
251,22,Matteo Ortiz,Elmore,Director
252,80,Adell Bosco,Timmy,Actress
253,30,Don Armstrong,Gust,Actor
254,22,Mckenzie Denesik,Heloise,Costume Designer
255,42,Maximilian Hayes,Brannon,Producer
256,88,Betty Graham,Holden,Director
257,59,Alexandrine Hettinger,Trycia,Costume Designer
258,25,Laron Lehner,Floyd,Director
259,15,Kris Reichel,Hubert,Screenwriter
260,81,Laverne Armstrong,Cesar,Actress
261,94,Destinee Langosh,Elaina,Music Composer
262,24,Reanna Beahan,Jeffery,Actor
263,12,Teresa King,Kendall,Cinematographer
264,56,Earnest Frami,Bette,Costume Designer
265,34,Larry Walker,Rex,Production Designer
266,31,Kristy Abernathy,Gregg,Producer
267,91,Oswald Franecki,Katelin,Producer
268,86,Mafalda Ernser,Sylvester,Producer
269,57,Agnes Thiel,Anita,Music Composer
270,65,Jaida Windler,Leila,Actress
271,52,Madilyn Mueller,German,Producer
272,90,Cory O'Kon,Malika,Music Composer
273,48,Maximo Frami,Dovie,Actress
274,44,Hubert Dibbert,Ellen,Actress
275,0,Jarret Pfannerstill,Orin,Film Editor
276,61,Linnea Klocko,Delores,Cinematographer
277,68,Hollie Marks,Florian,Actor
278,56,Daren Nitzsche,Agnes,Producer
279,63,Marilie Grady,Shaniya,Actress
280,12,Hardy Reichel,Samantha,Producer
281,86,Prudence Larkin,Della,Producer
282,26,Amina Bailey,Marlee,Costume Designer
283,97,Boris Mohr,Bulah,Director
284,57,Aditya Morar,Selena,Producer
285,61,Angel Bashirian,Barrett,Production Designer
286,29,Torey Bogan,Gregoria,Cinematographer
287,28,Vida Jones,Samir,Cinematographer
288,82,Katrine Nikolaus,Bessie,Screenwriter
289,23,Elda Pollich,Osvaldo,Screenwriter
290,74,Rowena McLaughlin,Princess,Costume Designer
291,42,Leann Sauer,Lelah,Director
292,43,Vladimir Auer,Birdie,Producer
293,5,Shaina Deckow,Craig,Production Designer
294,60,Kelly Fisher,Jean,Actor
295,10,Sonny Pollich,Creola,Actress
296,37,Hettie McLaughlin,Marty,Actress
297,92,Xavier Shields,Marcus,Actress
298,66,Santina Runolfsson,Leonel,Screenwriter
299,78,Lora Turcotte,Eveline,Actress
300,1,Curtis Mraz,Annetta,Film Editor
301,28,Kasey Rath,Graciela,Cinematographer
302,99,Delpha Jerde,Raina,Cinematographer
303,7,Clifton Anderson,Pattie,Producer
304,85,Tomasa Lakin,Tremayne,Film Editor
305,2,Tyson Orn,Cassandra,Production Designer
306,75,Frank McCullough,Ian,Cinematographer
307,99,Luther Goldner,Maureen,Film Editor
308,5,Chandler Tremblay,Sammie,Film Editor
309,95,Patricia Watsica,Dell,Music Composer
310,35,Olaf McCullough,Vesta,Cinematographer
311,98,Flavio Paucek,Dane,Production Designer
312,91,Zander Block,Alayna,Production Designer
313,81,Sean Lang,Bernie,Actress
314,7,Alba Schroeder,Emmet,Film Editor
315,40,Jakayla Schiller,Lorenzo,Film Editor
316,47,Anna Gorczany,Lynn,Screenwriter
317,82,Maximillia Johns,Owen,Producer
318,41,Felicity Rodriguez,Una,Screenwriter
319,88,Alvena Reichel,Fredy,Actress
320,76,Alene Dickens,Marlen,Director
321,20,Douglas Barton,Henderson,Actress
322,94,Margaretta Grady,Gisselle,Actress
323,65,Hassie Skiles,Nicolas,Film Editor
324,88,Chet Parisian,Keegan,Cinematographer
325,93,Cade Towne,Athena,Director
326,30,Georgiana Hessel,Kailee,Production Designer
327,94,Terry Tromp,Judson,Cinematographer
328,94,Columbus Zulauf,Al,Costume Designer
329,41,Astrid Volkman,Domenico,Costume Designer
330,55,Dell Rohan,Magnolia,Cinematographer
331,81,Maudie Bergstrom,Dudley,Cinematographer
332,46,Ebony Goodwin,Oran,Production Designer
333,66,Beryl Paucek,Anahi,Producer
334,94,Ashlee Beatty,Herman,Actress
335,33,Rossie Wisozk,Darron,Production Designer
336,36,Syble Kohler,Kali,Music Composer
337,36,Myles Torphy,Ryley,Film Editor
338,24,Bo King,Jerrod,Costume Designer
339,66,Andre Heaney,Lavina,Costume Designer
340,8,Leopoldo Johns,Nora,Director
341,55,Gayle Turcotte,Alessandra,Actress
342,96,Elise Boyer,Aglae,Screenwriter
343,84,Lydia Heaney,Samantha,Producer
344,34,Geovany Volkman,Sheldon,Music Composer
345,34,Davion Volkman,Jade,Cinematographer
346,55,Lina Kunze,Isai,Production Designer
347,28,Angelica Pouros,Ronny,Director
348,43,Cyril Hammes,Andreanne,Producer
349,17,Darien Runolfsdottir,Madonna,Production Designer
350,23,Jonathan Deckow,Bell,Director
351,27,Lela Boyle,Justen,Music Composer
352,39,Tyson Spinka,Aurelia,Director
353,29,Brenden McCullough,Jesus,Film Editor
354,38,Jerrell Abernathy,Trace,Costume Designer
355,91,Hyman Carroll,Kelsie,Cinematographer
356,75,Pink Rau,Alvena,Music Composer
357,58,Reymundo Kuhlman,Clovis,Music Composer
358,54,Keagan O'Conner,Selena,Producer
359,63,Edna Fritsch,Jameson,Actor
360,83,Patsy Green,Felix,Screenwriter
361,31,Waino Russel,Rene,Film Editor
362,75,Darrell Bashirian,Imani,Film Editor
363,32,Jovany Collier,Tyra,Actress
364,62,Lesley Lemke,Maxine,Production Designer
365,81,Stephania Muller,Tierra,Actor
366,37,Jessica Marvin,Mollie,Director
367,71,Torrey Frami,Luz,Cinematographer
368,91,Nicklaus Dicki,Neha,Director
369,75,Annabell Ziemann,Cordell,Music Composer
370,3,Ena Reichert,Melyna,Cinematographer
371,56,Savion Kilback,Jean,Actress
372,18,Bonnie Hirthe,Syble,Actress
373,25,Patsy Hoeger,Darren,Music Composer
374,71,Aylin Reichert,Mina,Actress
375,25,Weldon Parisian,Merle,Production Designer
376,44,Anna Tremblay,Raphaelle,Director
377,98,Vanessa Langosh,Maeve,Music Composer
378,68,Rosella Abernathy,Liliana,Actress
379,83,Dolores Cronin,Beulah,Director
380,83,Kadin Langosh,Leilani,Film Editor
381,88,Virginia Schumm,Dexter,Actress
382,68,Paxton Haley,Linnea,Screenwriter
383,57,Armand Dicki,Berniece,Cinematographer
384,88,Audie Corwin,Paul,Costume Designer
385,85,Nichole Homenick,Layne,Producer
386,14,Hassan Smith,Kacey,Director
387,71,Joseph Jerde,Jerrell,Production Designer
388,66,Constantin Kozey,Clovis,Costume Designer
389,67,Sandy Mayert,Xander,Producer
390,54,Lynn Hackett,Madelynn,Producer
391,72,Danika Cartwright,Lonie,Producer
392,99,Rasheed Crona,Megane,Director
393,68,Lavern Dare,Crystel,Music Composer
394,27,Makenzie Bruen,Brendon,Cinematographer
395,83,Devonte Ferry,Mae,Actor
396,83,Marcelle Lang,Raleigh,Actress
397,29,Dolores Gottlieb,Kathryne,Film Editor
398,58,Luigi Thompson,Esperanza,Actress
399,76,Eric Wilkinson,Daija,Actress
