Id,Name,Description,ReleaseYear,AgeCertification,Runtime,ProductionCountry,Seasons
0,Cambridgeshire Bosnia and Herzegovina,optimize monitor leverage navigate bus infomediaries Bedfordshire Manager synthesize overriding incremental back up Progressive Customer Rustic Steel Shoes turquoise SQL Principal,2012,NC-17,158,GBR,8
1,Supervisor,Bedfordshire Wooden exploit Cuba Corporate array experiences panel Accounts transmit one-to-one methodology TCP Health & Electronics alarm RSS JBOD background Ford Generic Metal Mouse,2009,A,65,CAN,8
2,monitor,Soft application connecting Gorgeous Beauty & Music seamless Unbranded Checking Account Interactions Pass technologies function Savings Account generate Representative e-business back up Oklahoma models,2019,TV-G,164,UKR,
3,connect Concrete Principal,innovate architect back-end Ergonomic Danish Krone explicit open-source Rubber transmitting Lock,2018,T,162,IND,
4,Chief neural Licensed Steel Ball,interactive Oregon Designer Namibia Dollar AGP Rustic mint green Liaison Bosnia and Herzegovina invoice,2020,X18,111,FRA,
5,calculating Village Wisconsin,Ergonomic Cotton Shoes Credit Card Account Expressway Product Assistant Ergonomic Soft Salad input Creative communities azure Incredible Steel Ball solid state upward-trending Markets Money Market Account JSON Integration Berkshire,2009,TV-G,140,GBR,
6,e-tailers Plastic Monitored,Fantastic Metal Cheese Plastic Rustic Wooden Keyboard heuristic dynamic granular bypassing Handmade Senior web-enabled Points Beauty & Industrial generating Vermont initiatives SAS Mayotte port Architect,2019,R21,121,GBR,
7,deposit,Solutions Bedfordshire Somoni 6th generation Berkshire Georgia Ergonomic Cotton Computer Views Gorgeous Cotton Pizza web-enabled Usability applications open-source Representative Kuwaiti Dinar navigate magnetic Fresh paradigms,2004,R,86,DEU,
8,Moldovan Leu,Product Auto Loan Account enable Spring sexy Communications payment Corners virtual neural-net copy,2018,TV-Y,137,JPN,
9,Liaison,Tasty web-readiness Grocery Credit Card Account Fresh secondary Gardens purple Implementation Mississippi Engineer Incredible Cotton Cheese Intelligent Cotton Chips back up real-time,2016,18R,163,GBR,9
10,copying,"Practical Steel Mouse GB panel Face to face Re-contextualized Director HDD Toys, Books & Automotive auxiliary violet Incredible Credit Card Account",2015,MA15+,144,FRA,1
11,optimize,"lavender Unbranded Rubber Computer Technician Lock matrix Jewelery, Books & Books Refined Cotton Bike SMS interface Tasty Frozen Shirt Checking Account seamless generate Refined Credit Card Account Buckinghamshire Generic",2009,TV-Y,66,DEU,
12,Mobility Tasty Soft Fish Bedfordshire,attitude-oriented payment initiative Lane yellow Cape Verde Operations Licensed Soft Computer Product Sports,2008,6,67,CAN,9
13,Diverse Refined Plastic Salad,Accounts Ameliorated Regional Arkansas Flat visualize customer loyalty open-source Tools & Sports Steel orchid Bedfordshire North Carolina Specialist Focused Swaziland Designer,2013,TV-PG,116,DEU,
14,input innovate South Africa,Rustic Street Tactics Sports & Games front-end Grocery & Home Optimization purple granular Viaduct Ranch Roads override back up Quality,2021,E10+,176,DEU,
15,Money Market Account calculating alarm,"multi-state Practical killer cross-platform Awesome Rubber Pants alarm synthesizing SAS Group Clothing, Kids & Automotive synthesizing",2015,6,168,JPN,2
16,Wooden Trail,frictionless Money Market Account Infrastructure Unbranded Granite Tuna next-generation cross-platform efficient Cape Verde Escudo enable schemas discrete,2015,TV-Y,131,CAN,9
17,programming Vision-oriented blue,"enterprise navigate Colorado Toys, Sports & Books Auto Loan Account Customer Rufiyaa mint green secondary Specialist Analyst Granite",2005,TV-Y,132,IND,5
18,parse payment New Taiwan Dollar,COM Product Senior Books microchip redefine lime Zambian Kwacha system Research Intranet radical auxiliary client-server whiteboard collaboration motivating Licensed Borders,2015,TV-G,179,IND,
19,Legacy,Polarised Music & Grocery copying Sao Tome and Principe attitude Georgia solid state Global Fundamental Montana,2007,TV-G,80,JPN,5
20,open-source Fantastic Rubber Salad THX,primary Investment Account plum primary AI online West Virginia orange e-business monitor Handcrafted Metal Tuna,2008,MA15+,104,GBR,
21,Handmade Steel Tuna maroon,matrices Home Loan Account mobile Ergonomic Wooden Computer HTTP bypassing infrastructure Handmade Fresh Table synergize calculating content Regional HDD parsing Crossing,2009,R18,146,GBR,
22,SMTP Savings Account e-tailers,lime Trail withdrawal COM Program Lek Personal Loan Account Cotton reboot deposit Awesome Bermudian Dollar (customarily known as Bermuda Dollar),2009,TV-MA,106,FRA,
23,Directives,Hollow Future heuristic Associate Brazilian Real Tasty infomediaries Shoes & Baby panel Mobility Wooden Grocery yellow Soft Markets Gorgeous Tasty Rubber Keyboard e-tailers,2017,S,137,UKR,
24,Fresh,application Decentralized Ergonomic embrace markets feed Senior neural transitional Mexico,2021,M/PG,170,FRA,
25,synthesizing,Plastic Handmade Fresh Bacon functionalities overriding portals Practical Granite Cheese target payment Unbranded adapter Handcrafted Concrete Tuna Home Loan Account,2014,15,90,JPN,8
26,Brunei Darussalam exuding,web-readiness yellow discrete Operative wireless Home Loan Account Streets green Avon envisioneer New Hampshire Practical Wooden Pants,2021,TV-MA,90,CAN,4
27,Human Comoro Franc Centralized,local area network infomediaries Assimilated Refined Plastic Car Steel whiteboard Arkansas revolutionize Burundi invoice Savings Account United States Minor Outlying Islands productize Rubber virtual Run Managed,2018,E,152,DEU,2
28,Generic yellow,Kentucky Tenge Multi-tiered Incredible Savings Account Intelligent Cotton Bike West Virginia invoice Home Loan Account Turnpike enhance input Metal Borders attitude-oriented Taka Berkshire Lane Health & Outdoors navigating,2017,12A,136,USA,6
29,Program,maroon clicks-and-mortar SDD Plaza Engineer application Senior Rest Cambridgeshire intermediate Parkway Pines Multi-channelled Tenge French Polynesia systems,2016,9,109,IND,
30,Agent Brook haptic,Awesome Steel Bike Assistant Falkland Islands Pound transition Agent virtual Row definition discrete Ergonomic Wooden Pants utilisation Savings Account Outdoors & Computers frame override sexy Ramp disintermediate ivory,2021,12A,107,JPN,
31,magenta Configuration microchip,redefine Awesome Frozen Chips Stream Buckinghamshire Bedfordshire Dam Grocery & Kids Metal deploy navigate Licensed Plastic Computer,2018,X18,142,FRA,6
32,Cotton,quantify invoice Ghana navigating transmitting program model Division Product bypass multi-byte Practical Plastic Car visualize Oregon,2016,CA,81,FRA,1
33,Response redundant Enhanced,migration Well Frozen Sharable Ohio generating Generic Plastic Chair Direct Designer turquoise override,2020,M,69,GBR,
34,deposit Berkshire markets,Sleek bandwidth Unbranded Concrete Chicken B2B disintermediate South Dakota connecting Oval markets Dominican Peso solid state protocol calculating,2023,R,114,GBR,8
35,RAM Home Loan Account Frozen,digital engineer interface Vermont Small Wooden Soap magnetic Credit Card Account cultivate Tactics CSS TCP Fresh national SAS,2013,M,164,USA,
36,"Garden, Electronics & Home",Guinea Franc Germany solid state 6th generation alarm brand West Virginia Ville Investment Account Sharable matrices client-server Product connect,2022,TV-G,102,IND,2
37,auxiliary,Rufiyaa Frozen payment Causeway Marketing Small Granite Cheese Incredible Bedfordshire Sleek Creative Unbranded Wooden Table,2014,R16,70,UKR,
38,Metal leverage,Handcrafted Personal Loan Account transition Optimization action-items Track Nigeria definition Solutions Generic Metal Pizza Factors,2010,R16,97,UKR,
39,National,synthesizing orange e-business synthesize Division Specialist New York Administrator Freeway Principal national pink Incredible Wooden Table quantify neural Intelligent Frozen Pizza,2022,TV-MA,81,FRA,
40,mobile cross-platform Lakes,Music & Industrial Pass Expressway Configuration Summit mindshare Ergonomic Steel Hat sky blue Savings Account Silver Generic Rubber Salad quantifying synthesizing Lodge Rubber technologies hardware Bedfordshire paradigms Buckinghamshire,2008,X18,142,FRA,
41,Square Dynamic Multi-layered,methodologies invoice Oklahoma killer exploit Hawaii IB seize Mills Borders Program input Bouvet Island (Bouvetoya),2013,G,91,USA,
42,disintermediate Creative,Dynamic Tasty Soft Cheese Interactions Illinois Awesome Frozen Shoes Clothing workforce Cambridgeshire Specialist Branding system Turkey Garden Borders withdrawal Delaware,2008,U,118,UKR,
43,Lempira,Rubber mission-critical bypassing Dynamic synergies Frozen Walks Generic heuristic Lead withdrawal San Marino Practical wireless Brunei Dollar payment Principal Cambridgeshire Credit Card Account,2009,18,110,CAN,1
44,Functionality Metrics Bedfordshire,"Boliviano boliviano Malaysian Ringgit overriding Solomon Islands Dollar Manager parsing innovative Ergonomic Steel Car driver solid state Tasty Frozen Chair compress Computers, Jewelery & Shoes Fantastic Unbranded Frozen Mouse District matrix Avon engineer",2012,12A,175,JPN,
45,Small Small Steel Salad lime,withdrawal sky blue array transmitter convergence Cove deposit optical programming Fantastic Rubber Keyboard Dynamic Steel mission-critical,2011,GP,158,FRA,
46,throughput,reintermediate Armenian Dram Licensed Cotton Bacon Money Market Account lime rich SMTP Washington panel auxiliary Games & Tools panel Costa Rican Colon Refined Fresh Tuna HTTP,2010,12A,167,USA,1
47,syndicate Small FTP,Argentina Compatible Micronesia Berkshire Refined Concrete Pizza Coordinator Legacy COM visualize Illinois quantifying Tasty Wooden Chicken withdrawal,2008,TV-Y7,142,UKR,
48,panel human-resource,Practical Frozen Hat Consultant turn-key Shoes & Computers Multi-lateral withdrawal monitor navigate Advanced concept knowledge user Phased Arkansas Awesome Wooden Fish Practical Fresh Bacon,2009,G,115,FRA,
49,Steel,AI Bolivar Fuerte transmit Regional District mobile task-force driver iterate directional Small Rustic Steel Salad Consultant Branding,2020,AL,176,GBR,2
50,extensible scale Operations,Dynamic Incredible Metal Salad Maine next generation Berkshire turquoise Ergonomic invoice Forward pink Infrastructure deposit intranet Plain Auto Loan Account optimal Handmade Group,2007,18R,125,GBR,
51,Cayman Islands Cambridgeshire,"parsing Dam Isle Road payment plug-and-play copying software online invoice withdrawal reintermediate back-end Rustic Cotton Chips Beauty, Toys & Baby",2005,CA,168,USA,
52,Slovakia (Slovak Republic),Principal e-business Costa Rica strategize invoice Savings Account Dynamic Dam Avon back up regional Marketing,2019,18,89,FRA,
53,models Handmade Plastic Hat,bandwidth Turnpike efficient Ridges Handmade Quality Lari navigating Sleek Soft Chicken deposit,2014,T,96,GBR,9
54,navigating applications,Assistant generate invoice card Checking Account Ports Producer value-added index platforms Kip Licensed Fresh Salad Personal Loan Account back up context-sensitive Dalasi transmitting Cambridgeshire,2018,TV-14,126,IND,
55,Supervisor,Generic Soft Tuna Books & Health Generic encompassing Checking Account infomediaries Engineer Communications mobile invoice Generic Cotton Table New Mexico reciprocal Dynamic Fantastic Frozen Shoes Music & Automotive e-tailers,2017,R,170,DEU,
56,invoice,Metal local payment Maine Home Loan Account 1080p District Granite Kip indigo Estonia Handmade Frozen Pizza connecting indigo navigating Operative grey Gorgeous Wooden Computer,2017,R18+,168,IND,5
57,Haiti bandwidth,Savings Account Handmade Refined Granite Car Port Armenian Dram Buckinghamshire Corner model Avon transparent,2014,U/A,61,FRA,1
58,Refined Cotton Pizza Fiji Auto Loan Account,"primary Designer strategic initiatives payment Credit Card Account capacity Kids, Health & Baby website compress AGP Rubber Licensed Granite Soap Bulgarian Lev invoice Assistant 6th generation",2015,TV-MA,166,UKR,9
59,purple,Barbados Soft transparent incremental Congo Accounts Internal generating 24/365 indexing Hong Kong Cayman Islands Dollar primary,2008,MA15+,84,CAN,
60,transmitting Singapore,Burg Checking Account Sri Lanka pixel Human Mission back-end digital bleeding-edge synergies,2009,12A,164,UKR,6
61,bypass motivating utilize,calculate sky blue intermediate methodologies Uruguay bleeding-edge Gorgeous Steel Bike Garden & Home Angola Fantastic Cotton Salad Steel Guadeloupe salmon Fresh Future,2012,18,166,IND,
62,pixel Rustic Frozen Towels,Accounts Graphic Interface Quality Home & Beauty Dynamic transmit Designer magenta International deposit capacitor optimal solid state Director Unbranded Cotton Chair Strategist,2009,M/PG,84,FRA,
63,GB Steel,hard drive Plastic budgetary management Malaysian Ringgit Automotive & Baby Developer Sleek Metal Soap Rustic Concrete Bacon Frozen system Plastic matrix Village,2007,6,101,JPN,10
64,Sharable haptic,"Centralized virtual reciprocal Operative niches needs-based help-desk world-class Checking Account SAS bypassing Florida Electronics, Movies & Baby Centers incubate Monitored",2020,X18,142,DEU,
65,content,Colombia Cotton Kiribati calculate violet Rupiah calculating transmit Brand transmitting wireless Handmade,2013,CA,121,GBR,
66,Metal,calculate Intelligent hack Station Consultant morph Savings Account National Isle haptic Island knowledge user HTTP Metrics regional vortals plug-and-play Refined Granite Ball,2007,A,175,JPN,
67,Generic Steel Ball Regional transmit,"National optical magenta generating connecting Norfolk Island Computers Beauty, Tools & Health Buckinghamshire Rustic Operative Frozen Tasty Frozen Tuna RAM Michigan solid state Refined Rubber Sausages",2010,TV-PG,89,IND,7
68,Generic Wooden Bike cross-platform,experiences Pass Colombia Mississippi indexing frame Director Architect Handcrafted Frozen Car quantifying integrated Handcrafted Concrete Soap navigating Officer Cotton Concrete AGP extensible program orchid,2013,M/PG,97,JPN,
69,Concrete purple Tactics,interfaces Clothing Credit Card Account grey payment global interactive Ergonomic Views Drive Cambridgeshire navigate,2007,E10+,80,DEU,3
70,Facilitator matrix Jamaican Dollar,Parks Wisconsin Total real-time Ireland reboot Row paradigms Licensed Frozen Hat optical Passage payment transparent North Carolina platforms Plaza Human Armenian Dram haptic,2011,PG,93,FRA,
71,invoice,Sleek Rubber Pizza Manor Gorgeous Granite Gloves Ergonomic Plastic Cheese Handmade Soft embrace scalable aggregate Savings Account Incredible Frozen Tuna methodologies transmit 3rd generation Cape Verde,2012,R18+,170,JPN,
72,Associate THX,Rest Extended Internal vortals Investment Account Auto Loan Account Configurable Frozen salmon Credit Card Account wireless Guinea-Bissau Switchable Connecticut Vermont Metical Awesome Rubber Fish Pike utilize,2017,PG,82,GBR,
73,synthesizing Personal Loan Account parsing,"AI Rustic Home Loan Account Mills Islands Sleek Fresh Hat motivating Accountability Health, Music & Automotive Faroe Islands Land port deposit",2005,C,165,FRA,
74,Valley withdrawal Outdoors & Outdoors,Fantastic Plastic Chair silver Forward Usability Netherlands Antillian Guilder Cross-group Creative Investment Account Iraqi Dinar Consultant Handcrafted Soft Chips Incredible Granite Computer protocol Fantastic Frozen Car Iceland Krona Handmade Frozen Gloves,2015,PG,101,IND,6
75,Walks maximized Fundamental,Fantastic scale HDD Manager compressing partnerships Somali Shilling Credit Card Account Ergonomic Metal Keyboard Cuban Peso partnerships Underpass blockchains Dobra Intelligent Plastic Chicken Generic Granite Shoes Product Parks Corners Sleek Concrete Hat,2023,PG-13,71,GBR,10
76,reinvent,red hacking Legacy Cambridgeshire Personal Loan Account Buckinghamshire panel French Southern Territories Pennsylvania 1080p task-force Engineer plum Future local,2011,A,123,USA,
77,interface,Program Missouri Credit Card Account payment applications olive Balboa solid state Handmade Fresh Bike sexy intuitive Qatar quantifying withdrawal function azure primary solutions Mountains Frozen,2018,GP,135,USA,
78,Borders,Crest system Fresh Cotton function Nevada repurpose unleash 5th generation Arizona Gorgeous Cotton Table Representative compelling Legacy heuristic reinvent,2010,6,98,CAN,
79,withdrawal Practical,brand Netherlands Antilles one-to-one Internal invoice open architecture reboot Producer Rial Omani azure experiences Manager invoice,2017,E10+,88,JPN,9
80,hard drive,Berkshire implementation Illinois Games & Tools Freeway empower moderator Meadows Gorgeous Plastic Soap scalable Wooden Checking Account Analyst Industrial Communications Buckinghamshire,2010,18R,140,USA,4
81,International,fresh-thinking Estate compelling Berkshire Spring Cotton capacitor International Generic Frozen Chips cross-media intranet Cross-group B2C 1080p orchid User-friendly attitude proactive Reunion,2005,12A,64,CAN,
82,Lake Idaho,interface Administrator Fall navigating Money Market Account Central Clothing & Toys open-source deposit Path Future-proofed Dynamic,2022,MA15+,139,IND,
83,cross-media blockchains Personal Loan Account,Delaware multi-byte Group Response Yuan Renminbi e-business program Paradigm Designer feed Investment Account THX Shoes & Music synthesize Licensed Plastic Chips JBOD Peru hybrid static Bolivar Fuerte,2007,TV-14,145,USA,
84,Human connecting,France Savings Account Metrics synergistic Unbranded Functionality Intranet Metal Land leading-edge microchip Producer back-end,2007,G,60,JPN,3
85,seamless,index EXE Executive Harbor cross-platform Program encryption RAM Kuwaiti Dinar dynamic Ergonomic neural Kids & Games Division Handcrafted Refined Soft Gloves Optimization Decentralized Small Soft Shoes,2007,TV-PG,138,CAN,5
86,Tools & Shoes transmitting,Facilitator United Arab Emirates Chile XML Stand-alone schemas Wooden PCI Arizona Central Steel gold Savings Account implement matrices bluetooth COM deliverables,2021,15,144,USA,
87,Fresh Metal PCI,Ergonomic parsing Montana Latvian Lats Kids card Turnpike capacitor content-based Handmade Groves deposit Points Egyptian Pound,2011,R21,78,GBR,9
88,District 1080p,capability Personal Loan Account eyeballs sky blue indexing systemic Credit Card Account maroon networks backing up Incredible Granite Shoes analyzing Architect Incredible Forks Liaison Ergonomic,2016,T,114,GBR,
89,Fall visionary vertical,Practical Brunei Darussalam analyzer payment algorithm Incredible Wooden Shirt metrics Movies & Toys Gorgeous Steel Shirt redundant Orchestrator Awesome Fresh Table panel,2014,U/A,127,CAN,
90,Communications web-readiness,Shoes Fully-configurable Berkshire Samoa Small Plastic Bike Incredible Metal Car Books & Kids time-frame invoice payment Incredible robust orchestrate red Profound Oregon Soft Handcrafted Suriname Savings Account,2014,R16,130,FRA,6
91,Ford SMTP Agent,"back up deposit interface Research Automotive, Computers & Clothing alarm Communications moratorium Product Handmade Garden engage Unbranded Rubber Sausages Lithuania",2022,15,84,CAN,
92,California instruction set parse,Licensed Soft Bacon Credit Card Account parse Sleek Soft Computer Gorgeous Fords Multi-lateral Maryland parsing Libyan Arab Jamahiriya SMS context-sensitive payment e-services port client-server Incredible Soft Gloves microchip convergence,2020,R18+,105,JPN,9
93,Outdoors & Garden Saint Martin frictionless,panel digital Sao Tome and Principe Integrated Refined Cotton Soap Cotton Borders programming Personal Loan Account eco-centric Point primary SMTP capacitor withdrawal,2007,NC-17,76,DEU,10
94,system orange utilisation,content attitude compress neural Mali Unbranded local area network bandwidth withdrawal Bedfordshire Licensed Cotton Gloves programming Licensed Practical Wooden Sausages Program Team-oriented scale leading-edge Toys PNG,2015,PG,75,JPN,7
95,Tennessee multi-byte,Consultant generating product Manager Ergonomic Granite Table neural-net Mississippi embrace Avon magenta turn-key Buckinghamshire Peso Uruguayo user-centric,2009,R18,152,DEU,
96,"Health, Beauty & Health",Refined Wooden Towels Washington Incredible Metal Shirt 1080p Consultant Practical Frozen Shirt Money Market Account Personal Loan Account deposit open system RSS,2003,R,81,JPN,
97,back up,"Computers, Movies & Clothing quantify driver Soft reintermediate Ohio Oklahoma Licensed Rubber Computer Human interactive Awesome Granite Pants Virtual Ergonomic Soft Chair",2011,M/PG,179,UKR,
98,Haven,"Ethiopia Toys, Music & Electronics RSS port Licensed Soft Keyboard Dobra drive Circles Handmade Granite Chair grey feed Response vertical South Carolina deposit dynamic Delaware Avon Ohio",2008,M/PG,76,FRA,
99,Senior,National Concrete Glens engineer Boliviano boliviano Concrete Wooden HDD backing up Architect Ergonomic Wooden Hat FTP revolutionary sky blue Frozen Tennessee,2015,M,81,IND,
